Year,Make,Model,Platform code / generation number,Class,Notes
YEAR-MAKE-MODEL for AMERICAN MARKET,,,,,
Copyright 2013-2018 by Teoalida - cardatabase.teoalida.com,,,,,
"You are allowed to use this file in your business or company, or convert in SQL database for your website or software development.",,,,,
"You are not allowed to distribute, resell or post the Excel file or converted files on other websites.",,,,,
"SAMPLE file including 2 makes, one domestic (Ford) and one imported (BMW)",,,,,
"FULL file contains 90 makes and 15000+ models, each year adding 300+ models!",,,,,
"See ""Statistics makes"" sheet for the list of makes and number of models included for each make",,,,,
"Visit cardatabase.teoalida.com and purchase the FULL version, as well as other car databases!",,,,,
1978,Ford,Fiesta,-,Subcompact car,
1979,Ford,Fiesta,-,Subcompact car,
1980,Ford,Fiesta,-,Subcompact car,
1988,Ford,Festiva,-,Subcompact car,
1989,Ford,Festiva,-,Subcompact car,
1990,Ford,Festiva,-,Subcompact car,
1991,Ford,Festiva,-,Subcompact car,
1992,Ford,Festiva,-,Subcompact car,
1993,Ford,Festiva,-,Subcompact car,
1994,Ford,Aspire,-,Subcompact car,
1995,Ford,Aspire,-,Subcompact car,
1996,Ford,Aspire,-,Subcompact car,
1996,Ford,Aspire,-,Subcompact car,
2011,Ford,Fiesta,-,Subcompact car,
2012,Ford,Fiesta,-,Subcompact car,
2013,Ford,Fiesta,-,Subcompact car,
2014,Ford,Fiesta,-,Subcompact car,
2015,Ford,Fiesta,-,Subcompact car,
2016,Ford,Fiesta,-,Subcompact car,
2017,Ford,Fiesta,-,Subcompact car,
2018,Ford,Fiesta,-,Subcompact car,
2019,Ford,Fiesta,-,Subcompact car,
1960,Ford,Falcon,(1st gen),Compact car,
1961,Ford,Falcon,(1st gen),Compact car,
1962,Ford,Falcon,(1st gen),Compact car,
1963,Ford,Falcon,(1st gen),Compact car,
1964,Ford,Falcon,(2nd gen),Compact car,
1965,Ford,Falcon,(2nd gen),Compact car,
1966,Ford,Falcon,(3rd gen),Compact car,
1967,Ford,Falcon,(3rd gen),Compact car,
1968,Ford,Falcon,(3rd gen),Compact car,
1969,Ford,Falcon,(3rd gen),Compact car,
1970,Ford,Falcon,(3rd gen),Compact car,
1969,Ford,Maverick,-,Compact car,
1970,Ford,Maverick,-,Compact car,
1971,Ford,Maverick,-,Compact car,
1972,Ford,Maverick,-,Compact car,
1973,Ford,Maverick,-,Compact car,
1974,Ford,Maverick,-,Compact car,
1975,Ford,Maverick,-,Compact car,
1976,Ford,Maverick,-,Compact car,
1977,Ford,Maverick,-,Compact car,
1978,Ford,Fairmont,-,Compact car,
1979,Ford,Fairmont,-,Compact car,
1980,Ford,Fairmont,-,Compact car,
1981,Ford,Fairmont,-,Compact car,
1982,Ford,Fairmont,-,Compact car,
1983,Ford,Fairmont,-,Compact car,
1984,Ford,Tempo,(1st gen),Compact car,
1985,Ford,Tempo,(1st gen),Compact car,
1986,Ford,Tempo,(1st gen),Compact car,
1987,Ford,Tempo,(1st gen),Compact car,
1988,Ford,Tempo,(2nd gen),Compact car,
1989,Ford,Tempo,(2nd gen),Compact car,
1990,Ford,Tempo,(2nd gen),Compact car,
1991,Ford,Tempo,(2nd gen),Compact car,
1992,Ford,Tempo,(2nd gen),Compact car,
1993,Ford,Tempo,(2nd gen),Compact car,
1994,Ford,Tempo,(2nd gen),Compact car,
1995,Ford,Contour,-,Compact car,
1996,Ford,Contour,-,Compact car,
1997,Ford,Contour,-,Compact car,
1998,Ford,Contour,-,Compact car,
1999,Ford,Contour,-,Compact car,
2000,Ford,Contour,-,Compact car,"MY 2000 sold only in United States, no Canada"
1971,Ford,Pinto,-,Compact car,
1972,Ford,Pinto,-,Compact car,
1973,Ford,Pinto,-,Compact car,
1974,Ford,Pinto,-,Compact car,
1975,Ford,Pinto,-,Compact car,
1976,Ford,Pinto,-,Compact car,
1977,Ford,Pinto,-,Compact car,
1978,Ford,Pinto,-,Compact car,
1979,Ford,Pinto,-,Compact car,
1980,Ford,Pinto,-,Compact car,
1981,Ford,Escort,(1st gen),Compact car,
1982,Ford,Escort,(1st gen),Compact car,
1983,Ford,Escort,(1st gen),Compact car,
1984,Ford,Escort,(1st gen),Compact car,
1985,Ford,Escort,(1st gen),Compact car,
1986,Ford,Escort,(1st gen),Compact car,
1987,Ford,Escort,(1st gen),Compact car,
1988,Ford,Escort,(1st gen),Compact car,
1989,Ford,Escort,(1st gen),Compact car,
1990,Ford,Escort,(1st gen),Compact car,
1991,Ford,Escort,(2nd gen),Compact car,
1992,Ford,Escort,(2nd gen),Compact car,
1993,Ford,Escort,(2nd gen),Compact car,
1994,Ford,Escort,(2nd gen),Compact car,
1995,Ford,Escort,(2nd gen),Compact car,
1996,Ford,Escort,(2nd gen),Compact car,
1997,Ford,Escort,(3rd gen),Compact car,
1998,Ford,Escort,(3rd gen),Compact car,
1999,Ford,Escort,(3rd gen),Compact car,
2000,Ford,Escort,(3rd gen),Compact car,
2001,Ford,Escort,(3rd gen),Compact car,
2002,Ford,Escort,(3rd gen),Compact car,
2000,Ford,Focus,(1st gen),Compact car,
2001,Ford,Focus,(1st gen),Compact car,
2002,Ford,Focus,(1st gen),Compact car,
2003,Ford,Focus,(1st gen),Compact car,
2004,Ford,Focus,(1st gen),Compact car,
2005,Ford,Focus,(1st gen),Compact car,
2006,Ford,Focus,(1st gen),Compact car,
2007,Ford,Focus,(1st gen),Compact car,
2008,Ford,Focus,(2nd gen),Compact car,
2009,Ford,Focus,(2nd gen),Compact car,
2010,Ford,Focus,(2nd gen),Compact car,
2011,Ford,Focus,(2nd gen),Compact car,
2012,Ford,Focus,(3rd gen),Compact car,
2013,Ford,Focus,(3rd gen),Compact car,
2014,Ford,Focus,(3rd gen),Compact car,
2015,Ford,Focus,(3rd gen),Compact car,
2016,Ford,Focus,(3rd gen),Compact car,
2017,Ford,Focus,(3rd gen),Compact car,
2018,Ford,Focus,(3rd gen),Compact car,
2019,Ford,Focus,(3rd gen),Compact car,
1962,Ford,Fairlane,(4th gen),Mid-size car,
1963,Ford,Fairlane,(4th gen),Mid-size car,
1964,Ford,Fairlane,(4th gen),Mid-size car,
1965,Ford,Fairlane,(4th gen),Mid-size car,
1966,Ford,Fairlane,(5th gen),Mid-size car,
1967,Ford,Fairlane,(5th gen),Mid-size car,
1968,Ford,Fairlane,(6th gen),Mid-size car,
1969,Ford,Fairlane,(6th gen),Mid-size car,
1970,Ford,Fairlane,(7th gen),Mid-size car,
1971,Ford,Fairlane,(7th gen),Mid-size car,
1968,Ford,Torino,(1st gen),Mid-size car,"upscale Fairlane, not a separate model"
1969,Ford,Torino,(1st gen),Mid-size car,"upscale Fairlane, not a separate model"
1970,Ford,Torino,(1st gen),Mid-size car,"upscale Fairlane, not a separate model"
1971,Ford,Torino,(2nd gen),Mid-size car,
1972,Ford,Torino,(2nd gen),Mid-size car,
1972,Ford,Gran Torino,-,Mid-size car,
1973,Ford,Gran Torino,-,Mid-size car,
1974,Ford,Gran Torino,-,Mid-size car,
1975,Ford,Gran Torino,-,Mid-size car,
1976,Ford,Gran Torino,-,Mid-size car,
1977,Ford,LTD II,-,Mid-size car,
1978,Ford,LTD II,-,Mid-size car,
1979,Ford,LTD II,-,Mid-size car,
1975,Ford,Granada,-,Mid-size car,
1976,Ford,Granada,-,Mid-size car,
1977,Ford,Granada,-,Mid-size car,
1978,Ford,Granada,-,Mid-size car,
1979,Ford,Granada,-,Mid-size car,
1980,Ford,Granada,-,Mid-size car,
1981,Ford,Granada,-,Mid-size car,
1982,Ford,Granada,-,Mid-size car,
1983,Ford,LTD Fox,-,Mid-size car,
1984,Ford,LTD Fox,-,Mid-size car,
1985,Ford,LTD Fox,-,Mid-size car,
1986,Ford,LTD Fox,-,Mid-size car,
1986,Ford,Taurus,(1st gen),Mid-size car,
1987,Ford,Taurus,(1st gen),Mid-size car,
1988,Ford,Taurus,(1st gen),Mid-size car,
1989,Ford,Taurus,(1st gen),Mid-size car,
1990,Ford,Taurus,(1st gen),Mid-size car,
1991,Ford,Taurus,(1st gen),Mid-size car,
1992,Ford,Taurus,(2nd gen),Mid-size car,
1993,Ford,Taurus,(2nd gen),Mid-size car,
1994,Ford,Taurus,(2nd gen),Mid-size car,
1995,Ford,Taurus,(3rd gen),Mid-size car,
1996,Ford,Taurus,(3rd gen),Mid-size car,
1997,Ford,Taurus,(3rd gen),Mid-size car,
1998,Ford,Taurus,(3rd gen),Mid-size car,
1999,Ford,Taurus,(3rd gen),Mid-size car,
2000,Ford,Taurus,(4th gen),Mid-size car,
2001,Ford,Taurus,(4th gen),Mid-size car,
2002,Ford,Taurus,(4th gen),Mid-size car,
2003,Ford,Taurus,(4th gen),Mid-size car,
2004,Ford,Taurus,(4th gen),Mid-size car,
2005,Ford,Taurus,(4th gen),Mid-size car,
2006,Ford,Taurus,(4th gen),Mid-size car,
2007,Ford,Taurus,(4th gen),Mid-size car,
2006,Ford,Fusion,(1st gen),Mid-size car,
2007,Ford,Fusion,(1st gen),Mid-size car,
2008,Ford,Fusion,(1st gen),Mid-size car,
2009,Ford,Fusion,(1st gen),Mid-size car,
2010,Ford,Fusion,(1st gen),Mid-size car,
2011,Ford,Fusion,(1st gen),Mid-size car,
2012,Ford,Fusion,(1st gen),Mid-size car,
2013,Ford,Fusion,(2nd gen),Mid-size car,
2014,Ford,Fusion,(2nd gen),Mid-size car,
2015,Ford,Fusion,(2nd gen),Mid-size car,
2016,Ford,Fusion,(2nd gen),Mid-size car,
2017,Ford,Fusion,(2nd gen),Mid-size car,
2018,Ford,Fusion,(2nd gen),Mid-size car,
2019,Ford,Fusion,(2nd gen),Mid-size car,"UNCONFIRMED, POSSIBLE DISCONTINUATION"
1941,Ford,1941 Ford: Deluxe / Super Deluxe,-,Full-size car,
1942,Ford,1941 Ford: Deluxe / Super Deluxe,-,Full-size car,
1946,Ford,1941 Ford: Deluxe / Super Deluxe,-,Full-size car,
1947,Ford,1941 Ford: Deluxe / Super Deluxe,-,Full-size car,
1948,Ford,1941 Ford: Deluxe / Super Deluxe,-,Full-size car,
1949,Ford,1949 Ford: Deluxe / Custom,-,Full-size car,
1950,Ford,1949 Ford: Deluxe / Custom,-,Full-size car,
1951,Ford,1949 Ford: Deluxe / Custom,-,Full-size car,
1952,Ford,1952 Ford: Mainline / Customline / Crestline,-,Full-size car,
1953,Ford,1952 Ford: Mainline / Customline / Crestline,-,Full-size car,
1954,Ford,1952 Ford: Mainline / Customline / Crestline,-,Full-size car,
1955,Ford,1952 Ford: Mainline / Customline / Crestline,-,Full-size car,
1956,Ford,1952 Ford: Mainline / Customline / Crestline,-,Full-size car,
1955,Ford,Fairlane,(1st gen),Full-size car,
1956,Ford,Fairlane,(1st gen),Full-size car,
1957,Ford,Fairlane,(2nd gen),Full-size car,
1958,Ford,Fairlane,(2nd gen),Full-size car,
1959,Ford,Fairlane,(2nd gen),Full-size car,
1960,Ford,Fairlane,(3rd gen),Full-size car,
1961,Ford,Fairlane,(3rd gen),Full-size car,
1963,Ford,300,-,Full-size car,
1964,Ford,Custom 500,(1st gen),Full-size car,
1965,Ford,Custom 500,(2nd gen),Full-size car,
1966,Ford,Custom 500,(2nd gen),Full-size car,
1967,Ford,Custom 500,(2nd gen),Full-size car,
1968,Ford,Custom 500,(2nd gen),Full-size car,
1969,Ford,Custom 500,(3rd gen),Full-size car,
1970,Ford,Custom 500,(3rd gen),Full-size car,
1971,Ford,Custom 500,(4th gen),Full-size car,
1972,Ford,Custom 500,(4th gen),Full-size car,
1973,Ford,Custom 500,(4th gen),Full-size car,
1974,Ford,Custom 500,(4th gen),Full-size car,
1975,Ford,Custom 500,(4th gen),Full-size car,
1976,Ford,Custom 500,(4th gen),Full-size car,
1977,Ford,Custom 500,(4th gen),Full-size car,
1959,Ford,Galaxie,(1st gen),Full-size car,upscale Fairlane
1960,Ford,Galaxie,(2nd gen),Full-size car,
1961,Ford,Galaxie,(2nd gen),Full-size car,
1962,Ford,Galaxie,(2nd gen),Full-size car,
1963,Ford,Galaxie,(2nd gen),Full-size car,
1964,Ford,Galaxie,(2nd gen),Full-size car,
1965,Ford,Galaxie,(3rd gen),Full-size car,
1966,Ford,Galaxie,(3rd gen),Full-size car,
1967,Ford,Galaxie,(3rd gen),Full-size car,
1968,Ford,Galaxie,(3rd gen),Full-size car,
1969,Ford,Galaxie,(4th gen),Full-size car,
1970,Ford,Galaxie,(4th gen),Full-size car,
1971,Ford,Galaxie,(4th gen),Full-size car,
1972,Ford,Galaxie,(4th gen),Full-size car,
1973,Ford,Galaxie,(4th gen),Full-size car,
1974,Ford,Galaxie,(4th gen),Full-size car,
1965,Ford,LTD,(1st gen),Full-size car,
1966,Ford,LTD,(1st gen),Full-size car,
1967,Ford,LTD,(1st gen),Full-size car,
1968,Ford,LTD,(1st gen),Full-size car,
1969,Ford,LTD,(2nd gen),Full-size car,
1970,Ford,LTD,(2nd gen),Full-size car,
1971,Ford,LTD,(2nd gen),Full-size car,
1972,Ford,LTD,(2nd gen),Full-size car,
1973,Ford,LTD,(3rd gen),Full-size car,
1974,Ford,LTD,(3rd gen),Full-size car,
1975,Ford,LTD,(3rd gen),Full-size car,
1976,Ford,LTD,(3rd gen),Full-size car,
1977,Ford,LTD,(3rd gen),Full-size car,
1978,Ford,LTD,(3rd gen),Full-size car,
1979,Ford,LTD,(4th gen),Full-size car,
1980,Ford,LTD,(4th gen),Full-size car,
1981,Ford,LTD,(4th gen),Full-size car,
1982,Ford,LTD,(4th gen),Full-size car,
1983,Ford,LTD Crown Victoria,-,Full-size car,
1984,Ford,LTD Crown Victoria,-,Full-size car,
1985,Ford,LTD Crown Victoria,-,Full-size car,
1986,Ford,LTD Crown Victoria,-,Full-size car,
1987,Ford,LTD Crown Victoria,-,Full-size car,
1988,Ford,LTD Crown Victoria,-,Full-size car,
1989,Ford,LTD Crown Victoria,-,Full-size car,
1990,Ford,LTD Crown Victoria,-,Full-size car,
1991,Ford,LTD Crown Victoria,-,Full-size car,
1992,Ford,Crown Victoria,(1st gen),Full-size car,
1993,Ford,Crown Victoria,(1st gen),Full-size car,
1994,Ford,Crown Victoria,(1st gen),Full-size car,
1995,Ford,Crown Victoria,(1st gen),Full-size car,
1996,Ford,Crown Victoria,(1st gen),Full-size car,
1997,Ford,Crown Victoria,(1st gen),Full-size car,
1998,Ford,Crown Victoria,(2nd gen),Full-size car,
1999,Ford,Crown Victoria,(2nd gen),Full-size car,
2000,Ford,Crown Victoria,(2nd gen),Full-size car,
2001,Ford,Crown Victoria,(2nd gen),Full-size car,
2002,Ford,Crown Victoria,(2nd gen),Full-size car,
2003,Ford,Crown Victoria,(2nd gen),Full-size car,
2004,Ford,Crown Victoria,(2nd gen),Full-size car,
2005,Ford,Crown Victoria,(2nd gen),Full-size car,
2006,Ford,Crown Victoria,(2nd gen),Full-size car,
2007,Ford,Crown Victoria,(2nd gen),Full-size car,
2008,Ford,Crown Victoria,(2nd gen),Full-size car,
2009,Ford,Crown Victoria,(2nd gen),Full-size car,
2010,Ford,Crown Victoria,(2nd gen),Full-size car,
2011,Ford,Crown Victoria,(2nd gen),Full-size car,
2005,Ford,Five Hundred,-,Full-size car,
2006,Ford,Five Hundred,-,Full-size car,
2007,Ford,Five Hundred,-,Full-size car,
2008,Ford,Taurus,(5th gen),Full-size car,
2009,Ford,Taurus,(5th gen),Full-size car,
2010,Ford,Taurus,(6th gen),Full-size car,
2011,Ford,Taurus,(6th gen),Full-size car,
2012,Ford,Taurus,(6th gen),Full-size car,
2013,Ford,Taurus,(6th gen),Full-size car,
2014,Ford,Taurus,(6th gen),Full-size car,
2015,Ford,Taurus,(6th gen),Full-size car,
2016,Ford,Taurus,(6th gen),Full-size car,
2017,Ford,Taurus,(6th gen),Full-size car,
2018,Ford,Taurus,(6th gen),Full-size car,
2019,Ford,Taurus,(6th gen),Full-size car,
1951,Ford,Country Squire,(1st gen),Full-size wagon car,
1952,Ford,Country Squire,(1st gen),Full-size wagon car,
1953,Ford,Country Squire,(1st gen),Full-size wagon car,
1954,Ford,Country Squire,(1st gen),Full-size wagon car,
1955,Ford,Country Squire,(2nd gen),Full-size wagon car,
1956,Ford,Country Squire,(2nd gen),Full-size wagon car,
1957,Ford,Country Squire,(2nd gen),Full-size wagon car,
1958,Ford,Country Squire,(2nd gen),Full-size wagon car,
1959,Ford,Country Squire,(3rd gen),Full-size wagon car,
1960,Ford,Country Squire,(3rd gen),Full-size wagon car,
1961,Ford,Country Squire,(3rd gen),Full-size wagon car,
1962,Ford,Country Squire,(3rd gen),Full-size wagon car,
1963,Ford,Country Squire,(3rd gen),Full-size wagon car,
1964,Ford,Country Squire,(3rd gen),Full-size wagon car,
1965,Ford,Country Squire,(3rd gen),Full-size wagon car,
1966,Ford,Country Squire,(3rd gen),Full-size wagon car,
1967,Ford,Country Squire,(4th gen),Full-size wagon car,
1968,Ford,Country Squire,(4th gen),Full-size wagon car,
1969,Ford,Country Squire,(5th gen),Full-size wagon car,
1970,Ford,Country Squire,(5th gen),Full-size wagon car,
1971,Ford,Country Squire,(5th gen),Full-size wagon car,
1972,Ford,Country Squire,(5th gen),Full-size wagon car,
1973,Ford,Country Squire,(6th gen),Full-size wagon car,
1974,Ford,Country Squire,(6th gen),Full-size wagon car,
1975,Ford,Country Squire,(6th gen),Full-size wagon car,
1976,Ford,Country Squire,(6th gen),Full-size wagon car,
1977,Ford,Country Squire,(6th gen),Full-size wagon car,
1978,Ford,Country Squire,(6th gen),Full-size wagon car,
1979,Ford,Country Squire,(7th gen),Full-size wagon car,
1980,Ford,Country Squire,(7th gen),Full-size wagon car,
1981,Ford,Country Squire,(7th gen),Full-size wagon car,
1982,Ford,Country Squire,(7th gen),Full-size wagon car,
1983,Ford,Country Squire,(7th gen),Full-size wagon car,
1984,Ford,Country Squire,(7th gen),Full-size wagon car,
1985,Ford,Country Squire,(7th gen),Full-size wagon car,
1986,Ford,Country Squire,(7th gen),Full-size wagon car,
1987,Ford,Country Squire,(7th gen),Full-size wagon car,
1988,Ford,Country Squire,(7th gen),Full-size wagon car,
1989,Ford,Country Squire,(7th gen),Full-size wagon car,
1990,Ford,Country Squire,(7th gen),Full-size wagon car,
1991,Ford,Country Squire,(7th gen),Full-size wagon car,
1955,Ford,Thunderbird,(1st gen),Personal luxury car,
1956,Ford,Thunderbird,(1st gen),Personal luxury car,
1957,Ford,Thunderbird,(1st gen),Personal luxury car,
1958,Ford,Thunderbird,(2nd gen),Personal luxury car,
1959,Ford,Thunderbird,(2nd gen),Personal luxury car,
1960,Ford,Thunderbird,(2nd gen),Personal luxury car,
1961,Ford,Thunderbird,(3rd gen),Personal luxury car,
1962,Ford,Thunderbird,(3rd gen),Personal luxury car,
1963,Ford,Thunderbird,(3rd gen),Personal luxury car,
1964,Ford,Thunderbird,(4th gen),Personal luxury car,
1965,Ford,Thunderbird,(4th gen),Personal luxury car,
1966,Ford,Thunderbird,(4th gen),Personal luxury car,
1967,Ford,Thunderbird,(5th gen),Personal luxury car,
1968,Ford,Thunderbird,(5th gen),Personal luxury car,
1969,Ford,Thunderbird,(5th gen),Personal luxury car,
1970,Ford,Thunderbird,(5th gen),Personal luxury car,
1971,Ford,Thunderbird,(5th gen),Personal luxury car,
1972,Ford,Thunderbird,(6th gen),Personal luxury car,
1973,Ford,Thunderbird,(6th gen),Personal luxury car,
1974,Ford,Thunderbird,(6th gen),Personal luxury car,
1975,Ford,Thunderbird,(6th gen),Personal luxury car,
1976,Ford,Thunderbird,(6th gen),Personal luxury car,
1977,Ford,Thunderbird,(7th gen),Personal luxury car,
1978,Ford,Thunderbird,(7th gen),Personal luxury car,
1979,Ford,Thunderbird,(7th gen),Personal luxury car,
1980,Ford,Thunderbird,(8th gen),Personal luxury car,
1981,Ford,Thunderbird,(8th gen),Personal luxury car,
1982,Ford,Thunderbird,(8th gen),Personal luxury car,
1983,Ford,Thunderbird,(9th gen),Personal luxury car,
1984,Ford,Thunderbird,(9th gen),Personal luxury car,
1985,Ford,Thunderbird,(9th gen),Personal luxury car,
1986,Ford,Thunderbird,(9th gen),Personal luxury car,
1987,Ford,Thunderbird,(9th gen),Personal luxury car,
1988,Ford,Thunderbird,(9th gen),Personal luxury car,
1989,Ford,Thunderbird,(10th gen),Personal luxury car,
1990,Ford,Thunderbird,(10th gen),Personal luxury car,
1991,Ford,Thunderbird,(10th gen),Personal luxury car,
1992,Ford,Thunderbird,(10th gen),Personal luxury car,
1993,Ford,Thunderbird,(10th gen),Personal luxury car,
1994,Ford,Thunderbird,(10th gen),Personal luxury car,
1995,Ford,Thunderbird,(10th gen),Personal luxury car,
1996,Ford,Thunderbird,(10th gen),Personal luxury car,
1997,Ford,Thunderbird,(10th gen),Personal luxury car,
2002,Ford,Thunderbird,(11th gen),Personal luxury car,
2003,Ford,Thunderbird,(11th gen),Personal luxury car,
2004,Ford,Thunderbird,(11th gen),Personal luxury car,
2005,Ford,Thunderbird,(11th gen),Personal luxury car,
1982,Ford,EXP,-,Sport car,
1983,Ford,EXP,-,Sport car,
1984,Ford,EXP,-,Sport car,
1985,Ford,EXP,-,Sport car,
1986,Ford,EXP,-,Sport car,
1987,Ford,EXP,-,Sport car,
1988,Ford,EXP,-,Sport car,
1989,Ford,Probe,(1st gen),Sport car,
1990,Ford,Probe,(1st gen),Sport car,
1991,Ford,Probe,(1st gen),Sport car,
1992,Ford,Probe,(1st gen),Sport car,
1993,Ford,Probe,(2nd gen),Sport car,
1994,Ford,Probe,(2nd gen),Sport car,
1995,Ford,Probe,(2nd gen),Sport car,
1996,Ford,Probe,(2nd gen),Sport car,
1997,Ford,Probe,(2nd gen),Sport car,
1964,Ford,Mustang,(1st gen),Sport car,
1965,Ford,Mustang,(1st gen),Sport car,
1966,Ford,Mustang,(1st gen),Sport car,
1967,Ford,Mustang,(1st gen),Sport car,
1968,Ford,Mustang,(1st gen),Sport car,
1969,Ford,Mustang,(1st gen),Sport car,
1970,Ford,Mustang,(1st gen),Sport car,
1971,Ford,Mustang,(1st gen),Sport car,
1972,Ford,Mustang,(1st gen),Sport car,
1973,Ford,Mustang,(1st gen),Sport car,
1974,Ford,Mustang,(2nd gen),Sport car,
1975,Ford,Mustang,(2nd gen),Sport car,
1976,Ford,Mustang,(2nd gen),Sport car,
1977,Ford,Mustang,(2nd gen),Sport car,
1978,Ford,Mustang,(2nd gen),Sport car,
1979,Ford,Mustang,(3rd gen),Sport car,
1980,Ford,Mustang,(3rd gen),Sport car,
1981,Ford,Mustang,(3rd gen),Sport car,
1982,Ford,Mustang,(3rd gen),Sport car,
1983,Ford,Mustang,(3rd gen),Sport car,
1984,Ford,Mustang,(3rd gen),Sport car,
1985,Ford,Mustang,(3rd gen),Sport car,
1986,Ford,Mustang,(3rd gen),Sport car,
1987,Ford,Mustang,(3rd gen),Sport car,
1988,Ford,Mustang,(3rd gen),Sport car,
1989,Ford,Mustang,(3rd gen),Sport car,
1990,Ford,Mustang,(3rd gen),Sport car,
1991,Ford,Mustang,(3rd gen),Sport car,
1992,Ford,Mustang,(3rd gen),Sport car,
1993,Ford,Mustang,(3rd gen),Sport car,
1994,Ford,Mustang,(4th gen),Sport car,
1995,Ford,Mustang,(4th gen),Sport car,
1996,Ford,Mustang,(4th gen),Sport car,
1997,Ford,Mustang,(4th gen),Sport car,
1998,Ford,Mustang,(4th gen),Sport car,
1999,Ford,Mustang,(4th gen),Sport car,
2000,Ford,Mustang,(4th gen),Sport car,
2001,Ford,Mustang,(4th gen),Sport car,
2002,Ford,Mustang,(4th gen),Sport car,
2003,Ford,Mustang,(4th gen),Sport car,
2004,Ford,Mustang,(4th gen),Sport car,
2005,Ford,Mustang,(5th gen),Sport car,
2006,Ford,Mustang,(5th gen),Sport car,
2007,Ford,Mustang,(5th gen),Sport car,
2008,Ford,Mustang,(5th gen),Sport car,
2009,Ford,Mustang,(5th gen),Sport car,
2010,Ford,Mustang,(5th gen),Sport car,
2011,Ford,Mustang,(5th gen),Sport car,
2012,Ford,Mustang,(5th gen),Sport car,
2013,Ford,Mustang,(5th gen),Sport car,
2014,Ford,Mustang,(5th gen),Sport car,
2015,Ford,Mustang,(6th gen),Sport car,
2016,Ford,Mustang,(6th gen),Sport car,
2017,Ford,Mustang,(6th gen),Sport car,
2018,Ford,Mustang,(6th gen),Sport car,
2019,Ford,Mustang,(6th gen),Sport car,
2005,Ford,GT,-,Sport car,
2006,Ford,GT,-,Sport car,
2017,Ford,GT,-,Sport car,
2018,Ford,GT,-,Sport car,
2019,Ford,GT,-,Sport car,
1986,Ford,Aerostar,(1st gen),Minivan,
1987,Ford,Aerostar,(1st gen),Minivan,
1988,Ford,Aerostar,(1st gen),Minivan,
1989,Ford,Aerostar,(1st gen),Minivan,
1990,Ford,Aerostar,(1st gen),Minivan,
1991,Ford,Aerostar,(1st gen),Minivan,
1992,Ford,Aerostar,(2nd gen),Minivan,
1993,Ford,Aerostar,(2nd gen),Minivan,
1994,Ford,Aerostar,(2nd gen),Minivan,
1995,Ford,Aerostar,(2nd gen),Minivan,
1996,Ford,Aerostar,(2nd gen),Minivan,
1997,Ford,Aerostar,(2nd gen),Minivan,
1995,Ford,Windstar,(1st gen),Minivan,
1996,Ford,Windstar,(1st gen),Minivan,
1997,Ford,Windstar,(1st gen),Minivan,
1998,Ford,Windstar,(1st gen),Minivan,
1999,Ford,Windstar,(2nd gen),Minivan,
2000,Ford,Windstar,(2nd gen),Minivan,
2001,Ford,Windstar,(2nd gen),Minivan,
2002,Ford,Windstar,(2nd gen),Minivan,
2003,Ford,Windstar,(2nd gen),Minivan,
2004,Ford,Freestar,-,Minivan,
2005,Ford,Freestar,-,Minivan,
2006,Ford,Freestar,-,Minivan,
2007,Ford,Freestar,-,Minivan,
2005,Ford,Freestyle,-,Full-size crossover SUV,
2006,Ford,Freestyle,-,Full-size crossover SUV,
2007,Ford,Freestyle,-,Full-size crossover SUV,
2008,Ford,Taurus X,-,Full-size crossover SUV,
2009,Ford,Taurus X,-,Full-size crossover SUV,
2011,Ford,Transit Connect,-,Minivan,
2012,Ford,Transit Connect,-,Minivan,
2013,Ford,Transit Connect,-,Minivan,
2014,Ford,Transit Connect,-,Minivan,
2015,Ford,Transit Connect,-,Minivan,
2016,Ford,Transit Connect,-,Minivan,
2017,Ford,Transit Connect,-,Minivan,
2018,Ford,Transit Connect,-,Minivan,
2019,Ford,Transit Connect,-,Minivan,
2013,Ford,C-Max,-,Compact MPV,
2014,Ford,C-Max,-,Compact MPV,
2015,Ford,C-Max,-,Compact MPV,
2016,Ford,C-Max,-,Compact MPV,
2017,Ford,C-Max,-,Compact MPV,
2018,Ford,C-Max,-,Compact MPV,
2019,Ford,C-Max,-,Compact MPV,
1961,Ford,E-Series,(1st gen),Full-size van,
1962,Ford,E-Series,(1st gen),Full-size van,
1963,Ford,E-Series,(1st gen),Full-size van,
1964,Ford,E-Series,(1st gen),Full-size van,
1965,Ford,E-Series,(1st gen),Full-size van,
1966,Ford,E-Series,(1st gen),Full-size van,
1967,Ford,E-Series,(1st gen),Full-size van,
1968,Ford,E-Series,(2nd gen),Full-size van,
1969,Ford,E-Series,(2nd gen),Full-size van,
1970,Ford,E-Series,(2nd gen),Full-size van,
1971,Ford,E-Series,(2nd gen),Full-size van,
1972,Ford,E-Series,(2nd gen),Full-size van,
1973,Ford,E-Series,(2nd gen),Full-size van,
1974,Ford,E-Series,(2nd gen),Full-size van,
1975,Ford,E-Series,(3rd gen),Full-size van,
1976,Ford,E-Series,(3rd gen),Full-size van,
1977,Ford,E-Series,(3rd gen),Full-size van,
1978,Ford,E-Series,(3rd gen),Full-size van,
1979,Ford,E-Series,(3rd gen),Full-size van,
1980,Ford,E-Series,(3rd gen),Full-size van,
1981,Ford,E-Series,(3rd gen),Full-size van,
1982,Ford,E-Series,(3rd gen),Full-size van,
1983,Ford,E-Series,(3rd gen),Full-size van,
1984,Ford,E-Series,(3rd gen),Full-size van,
1985,Ford,E-Series,(3rd gen),Full-size van,
1986,Ford,E-Series,(3rd gen),Full-size van,
1987,Ford,E-Series,(3rd gen),Full-size van,
1988,Ford,E-Series,(3rd gen),Full-size van,
1989,Ford,E-Series,(3rd gen),Full-size van,
1990,Ford,E-Series,(3rd gen),Full-size van,
1991,Ford,E-Series,(3rd gen),Full-size van,
1992,Ford,E-Series,(4th gen),Full-size van,Also called Ford Econoline until 2002
1993,Ford,E-Series,(4th gen),Full-size van,
1994,Ford,E-Series,(4th gen),Full-size van,
1995,Ford,E-Series,(4th gen),Full-size van,
1996,Ford,E-Series,(4th gen),Full-size van,
1997,Ford,E-Series,(4th gen),Full-size van,
1998,Ford,E-Series,(4th gen),Full-size van,
1999,Ford,E-Series,(4th gen),Full-size van,
2000,Ford,E-Series,(4th gen),Full-size van,
2001,Ford,E-Series,(4th gen),Full-size van,
2002,Ford,E-Series,(4th gen),Full-size van,
2003,Ford,E-Series,(4th gen),Full-size van,
2004,Ford,E-Series,(4th gen),Full-size van,
2005,Ford,E-Series,(4th gen),Full-size van,
2006,Ford,E-Series,(4th gen),Full-size van,
2007,Ford,E-Series,(4th gen),Full-size van,
2008,Ford,E-Series,(4th gen),Full-size van,
2009,Ford,E-Series,(4th gen),Full-size van,
2010,Ford,E-Series,(4th gen),Full-size van,
2011,Ford,E-Series,(4th gen),Full-size van,
2012,Ford,E-Series,(4th gen),Full-size van,
2013,Ford,E-Series,(4th gen),Full-size van,
2014,Ford,E-Series,(4th gen),Full-size van,
2015,Ford,Transit,-,Full-size van,
2016,Ford,Transit,-,Full-size van,
2017,Ford,Transit,-,Full-size van,
2018,Ford,Transit,-,Full-size van,
2019,Ford,Transit,-,Full-size van,
2018,Ford,EcoSport,-,Subcompact crossover SUV,
2019,Ford,EcoSport,-,Subcompact crossover SUV,
2007,Ford,Edge,(1st gen),Mid-size crossover SUV,
2008,Ford,Edge,(1st gen),Mid-size crossover SUV,
2009,Ford,Edge,(1st gen),Mid-size crossover SUV,
2010,Ford,Edge,(1st gen),Mid-size crossover SUV,
2011,Ford,Edge,(1st gen),Mid-size crossover SUV,
2012,Ford,Edge,(1st gen),Mid-size crossover SUV,
2013,Ford,Edge,(1st gen),Mid-size crossover SUV,
2014,Ford,Edge,(1st gen),Mid-size crossover SUV,
2015,Ford,Edge,(2nd gen),Mid-size crossover SUV,
2016,Ford,Edge,(2nd gen),Mid-size crossover SUV,
2017,Ford,Edge,(2nd gen),Mid-size crossover SUV,
2018,Ford,Edge,(2nd gen),Mid-size crossover SUV,
2019,Ford,Edge,(2nd gen),Mid-size crossover SUV,
2009,Ford,Flex,-,Full-size crossover SUV,
2010,Ford,Flex,-,Full-size crossover SUV,
2011,Ford,Flex,-,Full-size crossover SUV,
2012,Ford,Flex,-,Full-size crossover SUV,
2013,Ford,Flex,-,Full-size crossover SUV,
2014,Ford,Flex,-,Full-size crossover SUV,
2015,Ford,Flex,-,Full-size crossover SUV,
2016,Ford,Flex,-,Full-size crossover SUV,
2017,Ford,Flex,-,Full-size crossover SUV,
2018,Ford,Flex,-,Full-size crossover SUV,
2019,Ford,Flex,-,Full-size crossover SUV,
1984,Ford,Bronco II,(1st gen),Compact SUV,
1985,Ford,Bronco II,(1st gen),Compact SUV,
1986,Ford,Bronco II,(1st gen),Compact SUV,
1987,Ford,Bronco II,(1st gen),Compact SUV,
1988,Ford,Bronco II,(1st gen),Compact SUV,
1989,Ford,Bronco II,(2nd gen),Compact SUV,
1990,Ford,Bronco II,(2nd gen),Compact SUV,
2001,Ford,Escape,(1st gen),Compact SUV,
2002,Ford,Escape,(1st gen),Compact SUV,
2003,Ford,Escape,(1st gen),Compact SUV,
2004,Ford,Escape,(1st gen),Compact SUV,
2005,Ford,Escape,(1st gen),Compact SUV,
2006,Ford,Escape,(1st gen),Compact SUV,
2007,Ford,Escape,(1st gen),Compact SUV,
2008,Ford,Escape,(2nd gen),Compact SUV,
2009,Ford,Escape,(2nd gen),Compact SUV,
2010,Ford,Escape,(2nd gen),Compact SUV,
2011,Ford,Escape,(2nd gen),Compact SUV,
2012,Ford,Escape,(2nd gen),Compact SUV,
2013,Ford,Escape,(3rd gen),Compact SUV,
2014,Ford,Escape,(3rd gen),Compact SUV,
2015,Ford,Escape,(3rd gen),Compact SUV,
2016,Ford,Escape,(3rd gen),Compact SUV,
2017,Ford,Escape,(3rd gen),Compact SUV,
2018,Ford,Escape,(3rd gen),Compact SUV,
2019,Ford,Escape,(3rd gen),Compact SUV,
1991,Ford,Explorer,(1st gen),Mid-size SUV,
1992,Ford,Explorer,(1st gen),Mid-size SUV,
1993,Ford,Explorer,(1st gen),Mid-size SUV,
1994,Ford,Explorer,(1st gen),Mid-size SUV,
1995,Ford,Explorer,(2nd gen),Mid-size SUV,
1996,Ford,Explorer,(2nd gen),Mid-size SUV,
1997,Ford,Explorer,(2nd gen),Mid-size SUV,
1998,Ford,Explorer,(2nd gen),Mid-size SUV,
1999,Ford,Explorer,(2nd gen),Mid-size SUV,
2000,Ford,Explorer,(2nd gen),Mid-size SUV,
2001,Ford,Explorer,(2nd gen),Mid-size SUV,
2002,Ford,Explorer,(3rd gen),Mid-size SUV,
2003,Ford,Explorer,(3rd gen),Mid-size SUV,
2004,Ford,Explorer,(3rd gen),Mid-size SUV,
2005,Ford,Explorer,(3rd gen),Mid-size SUV,
2006,Ford,Explorer,(4th gen),Mid-size SUV,
2007,Ford,Explorer,(4th gen),Mid-size SUV,
2008,Ford,Explorer,(4th gen),Mid-size SUV,
2009,Ford,Explorer,(4th gen),Mid-size SUV,
2010,Ford,Explorer,(4th gen),Mid-size SUV,
2011,Ford,Explorer,(5th gen),Mid-size SUV,
2012,Ford,Explorer,(5th gen),Mid-size SUV,
2013,Ford,Explorer,(5th gen),Mid-size SUV,
2014,Ford,Explorer,(5th gen),Mid-size SUV,
2015,Ford,Explorer,(5th gen),Mid-size SUV,
2016,Ford,Explorer,(5th gen),Mid-size SUV,
2017,Ford,Explorer,(5th gen),Mid-size SUV,
2018,Ford,Explorer,(5th gen),Mid-size SUV,
2019,Ford,Explorer,(5th gen),Mid-size SUV,
1966,Ford,Bronco,(1st gen),Full-size SUV,
1967,Ford,Bronco,(1st gen),Full-size SUV,
1968,Ford,Bronco,(1st gen),Full-size SUV,
1969,Ford,Bronco,(1st gen),Full-size SUV,
1970,Ford,Bronco,(1st gen),Full-size SUV,
1971,Ford,Bronco,(1st gen),Full-size SUV,
1972,Ford,Bronco,(1st gen),Full-size SUV,
1973,Ford,Bronco,(1st gen),Full-size SUV,
1974,Ford,Bronco,(1st gen),Full-size SUV,
1975,Ford,Bronco,(1st gen),Full-size SUV,
1976,Ford,Bronco,(1st gen),Full-size SUV,
1977,Ford,Bronco,(1st gen),Full-size SUV,
1978,Ford,Bronco,(2nd gen),Full-size SUV,
1979,Ford,Bronco,(2nd gen),Full-size SUV,
1980,Ford,Bronco,(3rd gen),Full-size SUV,
1981,Ford,Bronco,(3rd gen),Full-size SUV,
1982,Ford,Bronco,(3rd gen),Full-size SUV,
1983,Ford,Bronco,(3rd gen),Full-size SUV,
1984,Ford,Bronco,(3rd gen),Full-size SUV,
1985,Ford,Bronco,(3rd gen),Full-size SUV,
1986,Ford,Bronco,(3rd gen),Full-size SUV,
1987,Ford,Bronco,(4th gen),Full-size SUV,
1988,Ford,Bronco,(4th gen),Full-size SUV,
1989,Ford,Bronco,(4th gen),Full-size SUV,
1990,Ford,Bronco,(4th gen),Full-size SUV,
1991,Ford,Bronco,(4th gen),Full-size SUV,
1992,Ford,Bronco,(5th gen),Full-size SUV,
1993,Ford,Bronco,(5th gen),Full-size SUV,
1994,Ford,Bronco,(5th gen),Full-size SUV,
1995,Ford,Bronco,(5th gen),Full-size SUV,
1996,Ford,Bronco,(5th gen),Full-size SUV,
1997,Ford,Expedition,(1st gen),Full-size SUV,
1998,Ford,Expedition,(1st gen),Full-size SUV,
1999,Ford,Expedition,(1st gen),Full-size SUV,
2000,Ford,Expedition,(1st gen),Full-size SUV,
2001,Ford,Expedition,(1st gen),Full-size SUV,
2002,Ford,Expedition,(1st gen),Full-size SUV,
2003,Ford,Expedition,(2nd gen),Full-size SUV,
2004,Ford,Expedition,(2nd gen),Full-size SUV,
2005,Ford,Expedition,(2nd gen),Full-size SUV,
2006,Ford,Expedition,(2nd gen),Full-size SUV,
2007,Ford,Expedition,(3rd gen),Full-size SUV,
2008,Ford,Expedition,(3rd gen),Full-size SUV,
2009,Ford,Expedition,(3rd gen),Full-size SUV,
2010,Ford,Expedition,(3rd gen),Full-size SUV,
2011,Ford,Expedition,(3rd gen),Full-size SUV,
2012,Ford,Expedition,(3rd gen),Full-size SUV,
2013,Ford,Expedition,(3rd gen),Full-size SUV,
2014,Ford,Expedition,(3rd gen),Full-size SUV,
2015,Ford,Expedition,(4th gen),Full-size SUV,
2016,Ford,Expedition,(4th gen),Full-size SUV,
2017,Ford,Expedition,(4th gen),Full-size SUV,
2018,Ford,Expedition,(4th gen),Full-size SUV,
2019,Ford,Expedition,(4th gen),Full-size SUV,
2000,Ford,Excursion,-,Full-size SUV,
2001,Ford,Excursion,-,Full-size SUV,
2002,Ford,Excursion,-,Full-size SUV,
2003,Ford,Excursion,-,Full-size SUV,
2004,Ford,Excursion,-,Full-size SUV,
2005,Ford,Excursion,-,Full-size SUV,
1957,Ford,Ranchero,(1st gen),Coupé utility,
1958,Ford,Ranchero,(1st gen),Coupé utility,
1959,Ford,Ranchero,(1st gen),Coupé utility,
1960,Ford,Falcon Ranchero,(2nd gen),Coupé utility,
1961,Ford,Falcon Ranchero,(2nd gen),Coupé utility,
1962,Ford,Falcon Ranchero,(2nd gen),Coupé utility,
1963,Ford,Falcon Ranchero,(2nd gen),Coupé utility,
1964,Ford,Falcon Ranchero,(2nd gen),Coupé utility,
1965,Ford,Falcon Ranchero,(2nd gen),Coupé utility,
1966,Ford,Ranchero,(3rd gen),Coupé utility,
1967,Ford,Ranchero,(3rd gen),Coupé utility,
1968,Ford,Ranchero,(4th gen),Coupé utility,
1969,Ford,Ranchero,(4th gen),Coupé utility,
1970,Ford,Ranchero,(5th gen),Coupé utility,
1971,Ford,Ranchero,(5th gen),Coupé utility,
1972,Ford,Ranchero,(6th gen),Coupé utility,
1973,Ford,Ranchero,(6th gen),Coupé utility,
1974,Ford,Ranchero,(6th gen),Coupé utility,
1975,Ford,Ranchero,(6th gen),Coupé utility,
1976,Ford,Ranchero,(6th gen),Coupé utility,
1977,Ford,Ranchero,(7th gen),Coupé utility,
1978,Ford,Ranchero,(7th gen),Coupé utility,
1979,Ford,Ranchero,(7th gen),Coupé utility,
1978,Ford,Durango,-,Coupé utility,
1979,Ford,Durango,-,Coupé utility,
1980,Ford,Durango,-,Coupé utility,
1981,Ford,Durango,-,Coupé utility,
1982,Ford,Durango,-,Coupé utility,
1983,Ford,Ranger,(1st gen),Compact pickup truck,
1984,Ford,Ranger,(1st gen),Compact pickup truck,
1985,Ford,Ranger,(1st gen),Compact pickup truck,
1986,Ford,Ranger,(1st gen),Compact pickup truck,
1987,Ford,Ranger,(1st gen),Compact pickup truck,
1988,Ford,Ranger,(1st gen),Compact pickup truck,
1989,Ford,Ranger,(1st gen),Compact pickup truck,
1990,Ford,Ranger,(1st gen),Compact pickup truck,
1991,Ford,Ranger,(1st gen),Compact pickup truck,
1992,Ford,Ranger,(1st gen),Compact pickup truck,
1993,Ford,Ranger,(2nd gen),Compact pickup truck,
1994,Ford,Ranger,(2nd gen),Compact pickup truck,
1995,Ford,Ranger,(2nd gen),Compact pickup truck,
1996,Ford,Ranger,(2nd gen),Compact pickup truck,
1997,Ford,Ranger,(2nd gen),Compact pickup truck,
1998,Ford,Ranger,(2nd gen),Compact pickup truck,
1999,Ford,Ranger,(2nd gen),Compact pickup truck,
2000,Ford,Ranger,(2nd gen),Compact pickup truck,
2001,Ford,Ranger,(2nd gen),Compact pickup truck,
2002,Ford,Ranger,(2nd gen),Compact pickup truck,
2003,Ford,Ranger,(2nd gen),Compact pickup truck,
2004,Ford,Ranger,(2nd gen),Compact pickup truck,
2005,Ford,Ranger,(2nd gen),Compact pickup truck,
2006,Ford,Ranger,(2nd gen),Compact pickup truck,
2007,Ford,Ranger,(2nd gen),Compact pickup truck,
2008,Ford,Ranger,(2nd gen),Compact pickup truck,
2009,Ford,Ranger,(2nd gen),Compact pickup truck,
2010,Ford,Ranger,(2nd gen),Compact pickup truck,
2011,Ford,Ranger,(2nd gen),Compact pickup truck,
2001,Ford,Explorer Sport Trac,(1st gen),Mid-size pickup truck,
2002,Ford,Explorer Sport Trac,(1st gen),Mid-size pickup truck,
2003,Ford,Explorer Sport Trac,(1st gen),Mid-size pickup truck,
2004,Ford,Explorer Sport Trac,(1st gen),Mid-size pickup truck,
2005,Ford,Explorer Sport Trac,(1st gen),Mid-size pickup truck,
2007,Ford,Explorer Sport Trac,(2nd gen),Mid-size pickup truck,
2008,Ford,Explorer Sport Trac,(2nd gen),Mid-size pickup truck,
2009,Ford,Explorer Sport Trac,(2nd gen),Mid-size pickup truck,
2010,Ford,Explorer Sport Trac,(2nd gen),Mid-size pickup truck,
1948,Ford,F-Series,(1st gen),Full-size pickup truck,
1949,Ford,F-Series,(1st gen),Full-size pickup truck,
1950,Ford,F-Series,(1st gen),Full-size pickup truck,
1951,Ford,F-Series,(1st gen),Full-size pickup truck,
1952,Ford,F-Series,(1st gen),Full-size pickup truck,
1953,Ford,F-Series,(2nd gen),Full-size pickup truck,
1954,Ford,F-Series,(2nd gen),Full-size pickup truck,
1955,Ford,F-Series,(2nd gen),Full-size pickup truck,
1956,Ford,F-Series,(2nd gen),Full-size pickup truck,
1957,Ford,F-Series,(3rd gen),Full-size pickup truck,
1958,Ford,F-Series,(3rd gen),Full-size pickup truck,
1959,Ford,F-Series,(3rd gen),Full-size pickup truck,
1960,Ford,F-Series,(3rd gen),Full-size pickup truck,
1961,Ford,F-Series,(4th gen),Full-size pickup truck,
1962,Ford,F-Series,(4th gen),Full-size pickup truck,
1963,Ford,F-Series,(4th gen),Full-size pickup truck,
1964,Ford,F-Series,(4th gen),Full-size pickup truck,
1965,Ford,F-Series,(4th gen),Full-size pickup truck,
1966,Ford,F-Series,(4th gen),Full-size pickup truck,
1967,Ford,F-Series,(5th gen),Full-size pickup truck,
1968,Ford,F-Series,(5th gen),Full-size pickup truck,
1969,Ford,F-Series,(5th gen),Full-size pickup truck,
1970,Ford,F-Series,(5th gen),Full-size pickup truck,
1971,Ford,F-Series,(5th gen),Full-size pickup truck,
1972,Ford,F-Series,(5th gen),Full-size pickup truck,
1973,Ford,F-Series,(6th gen),Full-size pickup truck,
1974,Ford,F-Series,(6th gen),Full-size pickup truck,
1975,Ford,F-Series,(6th gen),Full-size pickup truck,
1976,Ford,F-Series,(6th gen),Full-size pickup truck,
1977,Ford,F-Series,(6th gen),Full-size pickup truck,
1978,Ford,F-Series,(6th gen),Full-size pickup truck,
1979,Ford,F-Series,(6th gen),Full-size pickup truck,
1980,Ford,F-Series,(7th gen),Full-size pickup truck,
1981,Ford,F-Series,(7th gen),Full-size pickup truck,
1982,Ford,F-Series,(7th gen),Full-size pickup truck,
1983,Ford,F-Series,(7th gen),Full-size pickup truck,
1984,Ford,F-Series,(7th gen),Full-size pickup truck,
1985,Ford,F-Series,(7th gen),Full-size pickup truck,
1986,Ford,F-Series,(7th gen),Full-size pickup truck,
1987,Ford,F-Series,(8th gen),Full-size pickup truck,
1988,Ford,F-Series,(8th gen),Full-size pickup truck,
1989,Ford,F-Series,(8th gen),Full-size pickup truck,
1990,Ford,F-Series,(8th gen),Full-size pickup truck,
1991,Ford,F-Series,(8th gen),Full-size pickup truck,
1992,Ford,F-Series,(9th gen),Full-size pickup truck,
1993,Ford,F-Series,(9th gen),Full-size pickup truck,
1994,Ford,F-Series,(9th gen),Full-size pickup truck,
1995,Ford,F-Series,(9th gen),Full-size pickup truck,
1996,Ford,F-Series,(9th gen),Full-size pickup truck,
1997,Ford,F-Series,(9th gen),Full-size pickup truck,
1998,Ford,F-Series,(10th gen),Full-size pickup truck,
1999,Ford,F-Series,(10th gen),Full-size pickup truck,
2000,Ford,F-Series,(10th gen),Full-size pickup truck,
2001,Ford,F-Series,(10th gen),Full-size pickup truck,
2002,Ford,F-Series,(10th gen),Full-size pickup truck,
2003,Ford,F-Series,(10th gen),Full-size pickup truck,
2004,Ford,F-Series,(10th gen),Full-size pickup truck,
2005,Ford,F-Series,(11th gen),Full-size pickup truck,
2006,Ford,F-Series,(11th gen),Full-size pickup truck,
2007,Ford,F-Series,(11th gen),Full-size pickup truck,
2008,Ford,F-Series,(11th gen),Full-size pickup truck,
2009,Ford,F-Series,(12th gen),Full-size pickup truck,
2010,Ford,F-Series,(12th gen),Full-size pickup truck,
2011,Ford,F-Series,(12th gen),Full-size pickup truck,
2012,Ford,F-Series,(12th gen),Full-size pickup truck,
2013,Ford,F-Series,(12th gen),Full-size pickup truck,
2014,Ford,F-Series,(12th gen),Full-size pickup truck,
2015,Ford,F-Series,(13th gen),Full-size pickup truck,
2016,Ford,F-Series,(13th gen),Full-size pickup truck,
2017,Ford,F-Series,(13th gen),Full-size pickup truck,
2018,Ford,F-Series,(13th gen),Full-size pickup truck,
2019,Ford,F-Series,(13th gen),Full-size pickup truck,
1999,Ford,F-Series Super Duty,(1st gen),Full-size pickup truck,
2000,Ford,F-Series Super Duty,(1st gen),Full-size pickup truck,
2001,Ford,F-Series Super Duty,(1st gen),Full-size pickup truck,
2002,Ford,F-Series Super Duty,(1st gen),Full-size pickup truck,
2003,Ford,F-Series Super Duty,(1st gen),Full-size pickup truck,
2004,Ford,F-Series Super Duty,(1st gen),Full-size pickup truck,
2005,Ford,F-Series Super Duty,(1st gen),Full-size pickup truck,
2006,Ford,F-Series Super Duty,(1st gen),Full-size pickup truck,
2007,Ford,F-Series Super Duty,(1st gen),Full-size pickup truck,
2008,Ford,F-Series Super Duty,(2nd gen),Full-size pickup truck,
2009,Ford,F-Series Super Duty,(2nd gen),Full-size pickup truck,
2010,Ford,F-Series Super Duty,(2nd gen),Full-size pickup truck,
2011,Ford,F-Series Super Duty,(3rd gen),Full-size pickup truck,
2012,Ford,F-Series Super Duty,(3rd gen),Full-size pickup truck,
2013,Ford,F-Series Super Duty,(3rd gen),Full-size pickup truck,
2014,Ford,F-Series Super Duty,(3rd gen),Full-size pickup truck,
2015,Ford,F-Series Super Duty,(3rd gen),Full-size pickup truck,
2016,Ford,F-Series Super Duty,(3rd gen),Full-size pickup truck,
2017,Ford,F-Series Super Duty,(3rd gen),Full-size pickup truck,
2018,Ford,F-Series Super Duty,(3rd gen),Full-size pickup truck,
2019,Ford,F-Series Super Duty,(3rd gen),Full-size pickup truck,
1955,BMW,250 Isetta,-,Subcompact car,
1956,BMW,250 Isetta,-,Subcompact car,
1956,BMW,300 Isetta,-,Subcompact car,
1957,BMW,300 Isetta,-,Subcompact car,
1958,BMW,300 Isetta,-,Subcompact car,
1959,BMW,300 Isetta,-,Subcompact car,
1960,BMW,300 Isetta,-,Subcompact car,
1961,BMW,300 Isetta,-,Subcompact car,
1962,BMW,300 Isetta,-,Subcompact car,
1957,BMW,600 Isetta,-,Subcompact car,
1958,BMW,600 Isetta,-,Subcompact car,
1959,BMW,600 Isetta,-,Subcompact car,
1960,BMW,600 Isetta,-,Subcompact car,
1959,BMW,700,-,Subcompact car,
1960,BMW,700,-,Subcompact car,
1961,BMW,700,-,Subcompact car,
1962,BMW,700,-,Subcompact car,
1963,BMW,"700, 700 LS",-,Subcompact car,
1964,BMW,"700, 700 LS",-,Subcompact car,
1965,BMW,"700, 700 LS",-,Subcompact car,
2014,BMW,i3,-,Subcompact car,
2015,BMW,i3,-,Subcompact car,
2016,BMW,i3,-,Subcompact car,
2017,BMW,i3,-,Subcompact car,
2018,BMW,i3,-,Subcompact car,
2019,BMW,i3,-,Subcompact car,
2008,BMW,1-Series,"E81, E82, E87, E88",Compact car,
2009,BMW,1-Series,"E81, E82, E87, E88",Compact car,
2010,BMW,1-Series,"E81, E82, E87, E88",Compact car,
2011,BMW,1-Series,"E81, E82, E87, E88",Compact car,
2012,BMW,1-Series,"E81, E82, E87, E88",Compact car,
2013,BMW,1-Series,"E81, E82, E87, E88",Compact car,
2014,BMW,2-Series,"F22, F23, F87",Compact car,
2015,BMW,2-Series,"F22, F23, F87",Compact car,
2016,BMW,2-Series,"F22, F23, F87",Compact car,
2017,BMW,2-Series,"F22, F23, F87",Compact car,
2018,BMW,2-Series,"F22, F23, F87",Compact car,
2019,BMW,2-Series,"F22, F23, F87",Compact car,
1968,BMW,"2002, 2002TI",-,Compact car,
1969,BMW,"2002, 2000TI",-,Compact car,
1970,BMW,"2002, 2002TI",-,Compact car,
1971,BMW,"2002, 2002TII",-,Compact car,
1972,BMW,"2002, 2002TII",-,Compact car,
1973,BMW,"2002, 2002TII",-,Compact car,
1974,BMW,"2002, 2002TII",-,Compact car,
1975,BMW,2002,-,Compact car,
1976,BMW,2002,-,Compact car,
1975,BMW,3-Series,E21,Compact car,
1976,BMW,3-Series,E21,Compact car,
1977,BMW,3-Series,E21,Compact car,
1978,BMW,3-Series,E21,Compact car,
1979,BMW,3-Series,E21,Compact car,
1980,BMW,3-Series,E21,Compact car,
1981,BMW,3-Series,E21,Compact car,
1982,BMW,3-Series,E21,Compact car,
1983,BMW,3-Series,E30,Compact car,BMW 3-Series E21 may have been sold in parallel with E30 for few years
1984,BMW,3-Series,E30,Compact car,
1985,BMW,3-Series,E30,Compact car,
1986,BMW,3-Series,E30,Compact car,
1987,BMW,3-Series,E30,Compact car,
1988,BMW,"3-Series, M3",E30,Compact car,
1989,BMW,"3-Series, M3",E30,Compact car,
1990,BMW,"3-Series, M3",E30,Compact car,
1991,BMW,"3-Series, M3",E30,Compact car,
1992,BMW,3-Series,E36,Compact car,BMW 3-Series E30 may have been sold in parallel with E36 for few years
1993,BMW,3-Series,E36,Compact car,
1994,BMW,3-Series,E36,Compact car,
1995,BMW,"3-Series, M3",E36,Compact car,
1996,BMW,"3-Series, M3",E36,Compact car,
1997,BMW,"3-Series, M3",E36,Compact car,
1998,BMW,"3-Series, M3",E36,Compact car,
1999,BMW,"3-Series, M3",E36,Compact car,
1999,BMW,3-Series,E46,Compact car,
2000,BMW,3-Series,E46,Compact car,
2001,BMW,"3-Series, M3",E46,Compact car,
2002,BMW,"3-Series, M3",E46,Compact car,
2003,BMW,"3-Series, M3",E46,Compact car,
2004,BMW,"3-Series, M3",E46,Compact car,
2005,BMW,"3-Series, M3",E46,Compact car,
2006,BMW,"3-Series, M3",E46,Compact car,
2005,BMW,3-Series,"E90, E91, E92, E93",Compact car,
2006,BMW,3-Series,"E90, E91, E92, E93",Compact car,
2007,BMW,3-Series,"E90, E91, E92, E93",Compact car,
2008,BMW,"3-Series, M3","E90, E91, E92, E93",Compact car,
2009,BMW,"3-Series, M3","E90, E91, E92, E93",Compact car,
2010,BMW,"3-Series, M3","E90, E91, E92, E93",Compact car,
2011,BMW,"3-Series, M3","E90, E91, E92, E93",Compact car,
2012,BMW,"3-Series, M3","E90, E91, E92, E93",Compact car,
2013,BMW,"3-Series, M3","E90, E91, E92, E93",Compact car,
2013,BMW,3-Series ,"F30, F31, F80",Compact car,
2014,BMW,3-Series ,"F30, F31, F80",Compact car,
2015,BMW,"3-Series, M3","F30, F31, F80",Compact car,
2016,BMW,"3-Series, M3","F30, F31, F80",Compact car,
2017,BMW,"3-Series, M3","F30, F31, F80",Compact car,
2018,BMW,"3-Series, M3","F30, F31, F80",Compact car,
2019,BMW,"3-Series, M3","F30, F31, F80",Compact car,
2014,BMW,4-Series,"F32, F33, F36, F82, F83",Compact car,
2015,BMW,"4-Series, M4","F32, F33, F36, F82, F83",Compact car,
2016,BMW,"4-Series, M4","F32, F33, F36, F82, F83",Compact car,
2017,BMW,"4-Series, M4","F32, F33, F36, F82, F83",Compact car,
2018,BMW,"4-Series, M4","F32, F33, F36, F82, F83",Compact car,
2019,BMW,"4-Series, M4","F32, F33, F36, F82, F83",Compact car,
2014,BMW,3-Series Gran Turismo,F34,Compact car,
2015,BMW,3-Series Gran Turismo,F34,Compact car,
2016,BMW,3-Series Gran Turismo,F34,Compact car,
2017,BMW,3-Series Gran Turismo,F34,Compact car,
2018,BMW,3-Series Gran Turismo,F34,Compact car,
2019,BMW,3-Series Gran Turismo,F34,Compact car,
1962,BMW,1500,-,Mid-size car,
1963,BMW,"1500, 1800",-,Mid-size car,
1964,BMW,"1500, 1600, 1800, 1800TI",-,Mid-size car,
1965,BMW,"1600, 1800, 1800TI, 2000C, 2000CS",-,Mid-size car,
1966,BMW,"1600, 1600-2, 1800, 1800TI, 2000, 2000C, 2000CS, 2000TI",-,Mid-size car,
1967,BMW,"1600, 1600-2, 1600TI, 1800, 1800TI, 2000, 2000C, 2000CS, 2000TI",-,Mid-size car,
1968,BMW,"1600, 1600GT, 1600TI, 1800, 2000, 2000C, 2000CS, 2000TI",-,Mid-size car,
1969,BMW,"1600, 1800, 2000, 2000C, 2000CS",-,Mid-size car,
1970,BMW,"1600, 2000",-,Mid-size car,
1971,BMW,"1600, 2000, 2000 Touring, 2000TII",-,Mid-size car,
1972,BMW,"2000 Touring, 2000TII",-,Mid-size car,
1975,BMW,5-Series,E12,Mid-size car,
1976,BMW,5-Series,E12,Mid-size car,
1977,BMW,5-Series,E12,Mid-size car,
1978,BMW,5-Series,E12,Mid-size car,
1979,BMW,5-Series,E12,Mid-size car,
1980,BMW,5-Series,E12,Mid-size car,
1981,BMW,5-Series,E12,Mid-size car,
1982,BMW,5-Series,E28,Mid-size car,
1983,BMW,5-Series,E28,Mid-size car,
1984,BMW,5-Series,E28,Mid-size car,
1985,BMW,5-Series,E28,Mid-size car,
1986,BMW,5-Series,E28,Mid-size car,
1987,BMW,5-Series,E28,Mid-size car,
1988,BMW,"5-Series, M5",E28,Mid-size car,
1989,BMW,5-Series,E34,Mid-size car,
1990,BMW,5-Series,E34,Mid-size car,
1991,BMW,"5-Series, M5",E34,Mid-size car,
1992,BMW,"5-Series, M5",E34,Mid-size car,
1993,BMW,"5-Series, M5",E34,Mid-size car,
1994,BMW,5-Series,E34,Mid-size car,
1995,BMW,5-Series,E34,Mid-size car,
1997,BMW,5-Series,E39,Mid-size car,
1998,BMW,5-Series,E39,Mid-size car,
1999,BMW,5-Series,E39,Mid-size car,
2000,BMW,"5-Series, M5",E39,Mid-size car,
2001,BMW,"5-Series, M5",E39,Mid-size car,
2002,BMW,"5-Series, M5",E39,Mid-size car,
2003,BMW,"5-Series, M5",E39,Mid-size car,
2004,BMW,5-Series,"E60, E61",Mid-size car,
2005,BMW,5-Series,"E60, E61",Mid-size car,
2006,BMW,"5-Series, M5","E60, E61",Mid-size car,
2007,BMW,"5-Series, M5","E60, E61",Mid-size car,
2008,BMW,"5-Series, M5","E60, E61",Mid-size car,
2009,BMW,"5-Series, M5","E60, E61",Mid-size car,
2010,BMW,"5-Series, M5","E60, E61",Mid-size car,
2010,BMW,5-Series,"F10, F11, F07",Mid-size car,
2011,BMW,5-Series,"F10, F11, F07",Mid-size car,
2012,BMW,5-Series,"F10, F11, F07",Mid-size car,
2013,BMW,"5-Series, M5","F10, F11, F07",Mid-size car,
2014,BMW,"5-Series, M5","F10, F11, F07",Mid-size car,
2015,BMW,"5-Series, M5","F10, F11, F07",Mid-size car,
2016,BMW,"5-Series, M5","F10, F11, F07",Mid-size car,
2017,BMW,5-Series,"G30, G31",Mid-size car,
2018,BMW,5-Series,"G30, G31",Mid-size car,
2019,BMW,5-Series,"G30, G31",Mid-size car,
2010,BMW,5-Series Gran Turismo,F07,Mid-size car,
2011,BMW,5-Series Gran Turismo,F07,Mid-size car,
2012,BMW,5-Series Gran Turismo,F07,Mid-size car,
2013,BMW,5-Series Gran Turismo,F07,Mid-size car,
2014,BMW,5-Series Gran Turismo,F07,Mid-size car,
2015,BMW,5-Series Gran Turismo,F07,Mid-size car,
2016,BMW,5-Series Gran Turismo,F07,Mid-size car,
2017,BMW,5-Series Gran Turismo,F07,Mid-size car,
2018,BMW,6-Series Gran Turismo,G32,Mid-size car,
2019,BMW,6-Series Gran Turismo,G32,Mid-size car,
1977,BMW,6-Series,E24,Grand tourer,
1978,BMW,6-Series,E24,Grand tourer,
1979,BMW,6-Series,E24,Grand tourer,
1980,BMW,6-Series,E24,Grand tourer,
1981,BMW,6-Series,E24,Grand tourer,
1982,BMW,6-Series,E24,Grand tourer,
1983,BMW,6-Series,E24,Grand tourer,
1984,BMW,6-Series,E24,Grand tourer,
1985,BMW,6-Series,E24,Grand tourer,
1986,BMW,6-Series,E24,Grand tourer,
1987,BMW,"6-Series, M6",E24,Grand tourer,
1988,BMW,"6-Series, M6",E24,Grand tourer,
1989,BMW,6-Series,E24,Grand tourer,
1991,BMW,8-Series,E31,Grand tourer,
1992,BMW,8-Series,E31,Grand tourer,
1993,BMW,8-Series,E31,Grand tourer,
1994,BMW,8-Series,E31,Grand tourer,
1995,BMW,8-Series,E31,Grand tourer,
1996,BMW,8-Series,E31,Grand tourer,
1997,BMW,8-Series,E31,Grand tourer,
2004,BMW,6-Series,"E63, E64",Grand tourer,
2005,BMW,6-Series,"E63, E64",Grand tourer,
2006,BMW,"6-Series, M6","E63, E64",Grand tourer,
2007,BMW,"6-Series, M6","E63, E64",Grand tourer,
2008,BMW,"6-Series, M6","E63, E64",Grand tourer,
2009,BMW,"6-Series, M6","E63, E64",Grand tourer,
2010,BMW,"6-Series, M6","E63, E64",Grand tourer,
2012,BMW,"6-Series, M6","F12, F13",Grand tourer,
2013,BMW,"6-Series, M6","F12, F13",Grand tourer,
2014,BMW,"6-Series, M6","F12, F13",Grand tourer,
2015,BMW,"6-Series, M6","F12, F13",Grand tourer,
2016,BMW,"6-Series, M6","F12, F13",Grand tourer,
2017,BMW,"6-Series, M6","F12, F13",Grand tourer,
2018,BMW,"6-Series, M6","F12, F13",Grand tourer,
2019,BMW,"6-Series, M6","F12, F13",Grand tourer,UNCONFIRMED
1952,BMW,501,-,Full-size car,
1953,BMW,501,-,Full-size car,
1954,BMW,501,-,Full-size car,
1955,BMW,501,-,Full-size car,
1956,BMW,501,-,Full-size car,
1957,BMW,501,-,Full-size car,
1958,BMW,501,-,Full-size car,
1959,BMW,501,-,Full-size car,
1960,BMW,501,-,Full-size car,
1961,BMW,501,-,Full-size car,
1954,BMW,502,-,Full-size car,
1955,BMW,502,-,Full-size car,
1956,BMW,502,-,Full-size car,
1957,BMW,502,-,Full-size car,
1958,BMW,502,-,Full-size car,
1959,BMW,502,-,Full-size car,
1960,BMW,502,-,Full-size car,
1961,BMW,502,-,Full-size car,
1961,BMW,"2600, 2600L, 3200L, 3200S",-,Full-size car,
1962,BMW,"2600, 2600L, 3200CS, 3200L, 3200S",-,Full-size car,
1963,BMW,"2600L, 3200CS, 3200S",-,Full-size car,
1964,BMW,3200CS,-,Full-size car,
1965,BMW,3200CS,-,Full-size car,
1968,BMW,2800CS,E9,Full-size car,
1969,BMW,"2500, 2800, 2800CS",E9,Full-size car,
1970,BMW,"2500, 2800, 2800CS",E9,Full-size car,
1971,BMW,"2500, 2800, 2800 Bavaria, 2800CS",E9,Full-size car,
1973,BMW,2800,E9,Full-size car,
1971,BMW,"3.0CS, 3.0CSL, 3.0S",E3,Full-size car,
1972,BMW,"3.0 Bavaria, 3.0CS, 3.0CSL, 3.0S",E3,Full-size car,
1973,BMW,"3.0 Bavaria, 3.0CS, 3.0CSL, 3.0S",E3,Full-size car,
1974,BMW,"3.0 Bavaria, 3.0CS, 3.0CSL, 3.0S",E3,Full-size car,
1975,BMW,"3.0CSI, 3.0S, 3.0SIO",E3,Full-size car,
1976,BMW,3.0SI,E3,Full-size car,
1978,BMW,7-Series,E23,Full-size car,
1979,BMW,7-Series,E23,Full-size car,
1980,BMW,7-Series,E23,Full-size car,
1981,BMW,7-Series,E23,Full-size car,
1982,BMW,7-Series,E23,Full-size car,
1983,BMW,7-Series,E23,Full-size car,
1984,BMW,7-Series,E23,Full-size car,
1985,BMW,7-Series,E23,Full-size car,
1986,BMW,7-Series,E23,Full-size car,
1987,BMW,7-Series,E23,Full-size car,Possible wrong model year
1987,BMW,7-Series,E32,Full-size car,Possible wrong model year
1988,BMW,7-Series,E32,Full-size car,
1989,BMW,7-Series,E32,Full-size car,
1990,BMW,7-Series,E32,Full-size car,
1991,BMW,7-Series,E32,Full-size car,
1992,BMW,7-Series,E32,Full-size car,
1993,BMW,7-Series,E32,Full-size car,
1994,BMW,7-Series,E32,Full-size car,
1995,BMW,7-Series,E38,Full-size car,
1996,BMW,7-Series,E38,Full-size car,
1997,BMW,7-Series,E38,Full-size car,
1998,BMW,7-Series,E38,Full-size car,
1999,BMW,7-Series,E38,Full-size car,
2000,BMW,7-Series,E38,Full-size car,
2001,BMW,7-Series,E38,Full-size car,
2002,BMW,7-Series,"E65, E66",Full-size car,
2003,BMW,7-Series,"E65, E66",Full-size car,
2004,BMW,7-Series,"E65, E66",Full-size car,
2005,BMW,7-Series,"E65, E66",Full-size car,
2006,BMW,7-Series,"E65, E66",Full-size car,
2007,BMW,7-Series,"E65, E66",Full-size car,
2008,BMW,7-Series,"E65, E66",Full-size car,
2009,BMW,7-Series,"E65, E66",Full-size car,
2010,BMW,7-Series,"F01, F02",Full-size car,
2011,BMW,7-Series,"F01, F02",Full-size car,
2012,BMW,7-Series,"F01, F02",Full-size car,
2013,BMW,7-Series,"F01, F02",Full-size car,
2014,BMW,7-Series,"F01, F02",Full-size car,
2015,BMW,7-Series,"F01, F02",Full-size car,
2016,BMW,7-Series,"G11, G12",Full-size car,
2017,BMW,7-Series,"G11, G12",Full-size car,
2018,BMW,7-Series,"G11, G12",Full-size car,
2019,BMW,7-Series,"G11, G12",Full-size car,
1996,BMW,Z3,E36,Sport compact car,
1997,BMW,Z3,E36,Sport compact car,
1998,BMW,"Z3, M",E36,Sport compact car,
1999,BMW,"Z3, M",E36,Sport compact car,
2000,BMW,"Z3, M",E36,Sport compact car,
2001,BMW,"Z3, M",E36,Sport compact car,
2002,BMW,"Z3, M",E36,Sport compact car,
2003,BMW,Z4,"E85, E86",Sport compact car,
2004,BMW,Z4,"E85, E86",Sport compact car,
2005,BMW,Z4,"E85, E86",Sport compact car,
2006,BMW,Z4,"E85, E86",Sport compact car,
2007,BMW,Z4,"E85, E86",Sport compact car,
2008,BMW,Z4,"E85, E86",Sport compact car,
2009,BMW,Z4,E89,Sport compact car,
2010,BMW,Z4,E89,Sport compact car,
2011,BMW,Z4,E89,Sport compact car,
2012,BMW,Z4,E89,Sport compact car,
2013,BMW,Z4,E89,Sport compact car,
2014,BMW,Z4,E89,Sport compact car,
2015,BMW,Z4,E89,Sport compact car,
2016,BMW,Z4,E89,Sport compact car,
1956,BMW,503,-,Sport car,
1957,BMW,503,-,Sport car,
1958,BMW,503,-,Sport car,
1959,BMW,503,-,Sport car,
1956,BMW,507,-,Roadster car,
1957,BMW,507,-,Roadster car,
1958,BMW,507,-,Roadster car,
1959,BMW,507,-,Roadster car,
1978,BMW,M1,-,Sport car,
1979,BMW,M1,-,Sport car,
1980,BMW,M1,-,Sport car,
1981,BMW,M1,-,Sport car,
2000,BMW,Z8,E52,Sport car,
2001,BMW,Z8,E52,Sport car,
2002,BMW,Z8,E52,Sport car,
2003,BMW,Z8,E52,Sport car,
2014,BMW,i8,-,Sport car,
2015,BMW,i8,-,Sport car,
2016,BMW,i8,-,Sport car,
2017,BMW,i8,-,Sport car,
2018,BMW,i8,-,Sport car,
2019,BMW,i8,-,Sport car,
2013,BMW,X1,E84,Compact SUV,
2014,BMW,X1,E84,Compact SUV,
2015,BMW,X1,E84,Compact SUV,
2016,BMW,X1,F48,Compact SUV,
2017,BMW,X1,F48,Compact SUV,
2018,BMW,X1,F48,Compact SUV,
2019,BMW,X1,F48,Compact SUV,
2018,BMW,X2,F39,Compact SUV,
2019,BMW,X2,F39,Compact SUV,
2004,BMW,X3,E83,Compact SUV,
2005,BMW,X3,E83,Compact SUV,
2006,BMW,X3,E83,Compact SUV,
2007,BMW,X3,E83,Compact SUV,
2008,BMW,X3,E83,Compact SUV,
2009,BMW,X3,E83,Compact SUV,
2010,BMW,X3,E83,Compact SUV,
2011,BMW,X3,F25,Compact SUV,
2012,BMW,X3,F25,Compact SUV,
2013,BMW,X3,F25,Compact SUV,
2014,BMW,X3,F25,Compact SUV,
2015,BMW,X3,F25,Compact SUV,
2016,BMW,X3,F25,Compact SUV,
2017,BMW,X3,F25,Compact SUV,
2018,BMW,X3,G01,Compact SUV,
2019,BMW,X3,G01,Compact SUV,
2015,BMW,X4,F26,Compact crossover SUV,
2016,BMW,X4,F26,Compact crossover SUV,
2017,BMW,X4,F26,Compact crossover SUV,
2018,BMW,X4,F26,Compact crossover SUV,
2019,BMW,X4,F26,Compact crossover SUV,
2000,BMW,X5,E53,Mid-size SUV,
2001,BMW,X5,E53,Mid-size SUV,
2002,BMW,X5,E53,Mid-size SUV,
2003,BMW,X5,E53,Mid-size SUV,
2004,BMW,X5,E53,Mid-size SUV,
2005,BMW,X5,E53,Mid-size SUV,
2006,BMW,X5,E53,Mid-size SUV,
2008,BMW,X5,E70,Mid-size SUV,
2009,BMW,X5,E70,Mid-size SUV,
2010,BMW,X5,E70,Mid-size SUV,
2011,BMW,X5,E70,Mid-size SUV,
2012,BMW,X5,E70,Mid-size SUV,
2013,BMW,X5,E70,Mid-size SUV,
2014,BMW,X5,F15,Mid-size SUV,
2015,BMW,X5,F15,Mid-size SUV,
2016,BMW,X5,F15,Mid-size SUV,
2017,BMW,X5,F15,Mid-size SUV,
2018,BMW,X5,F15,Mid-size SUV,
2019,BMW,X5,F15,Mid-size SUV,
2008,BMW,X6,"E71, E72",Mid-size crossover SUV,
2009,BMW,X6,"E71, E72",Mid-size crossover SUV,
2010,BMW,X6,"E71, E72",Mid-size crossover SUV,
2011,BMW,X6,"E71, E72",Mid-size crossover SUV,
2012,BMW,X6,"E71, E72",Mid-size crossover SUV,
2013,BMW,X6,"E71, E72",Mid-size crossover SUV,
2014,BMW,X6,"E71, E72",Mid-size crossover SUV,
2015,BMW,X6,F16,Mid-size crossover SUV,
2016,BMW,X6,F16,Mid-size crossover SUV,
2017,BMW,X6,F16,Mid-size crossover SUV,
2018,BMW,X6,F16,Mid-size crossover SUV,
2019,BMW,X6,F16,Mid-size crossover SUV,
2019,BMW,X7,G07,Full-size SUV,UNCONFIRMED
,,,,,
